<?xml version="1.0"?>
<doc>
    <assembly>
        <name>SlimDX.D3D11Control</name>
    </assembly>
    <members>
        <member name="T:SlimDX.Windows.D3D11Control">
            <summary>
            D3D11-aware WinForms control.
            The WinForms designer will always call the default constructor.
            Inherit from this class and call one of its specialized constructors
            to create a Direct3D11 device or swapchain with custom properties.
            </summary>
        </member>
        <member name="E:SlimDX.Windows.D3D11Control.AspectRatioChanged">
            <summary>
            Occurs when the aspect ratio of the viewport has changed.
            </summary>
        </member>
        <member name="P:SlimDX.Windows.D3D11Control.Device">
            <summary>
            Gets the virtual adapter used to perform rendering and create resources.
            </summary>
            <exception cref="T:System.ObjectDisposedException">
            The object has been disposed.
            </exception>
        </member>
        <member name="P:SlimDX.Windows.D3D11Control.Context">
            <summary>
            Gets the <c>DeviceContext</c> instance which generates rendering commands.
            </summary>
            <exception cref="T:System.ObjectDisposedException">
            The object has been disposed.
            </exception>
        </member>
        <member name="P:SlimDX.Windows.D3D11Control.SwapChain">
            <summary>
            Gets the <c>SwapChain</c> instance associated with the device.
            </summary>
            <exception cref="T:System.ObjectDisposedException">
            The object has been disposed.
            </exception>
        </member>
        <member name="P:SlimDX.Windows.D3D11Control.RenderTargetView">
            <summary>
            Gets the <c>RenderTargetView</c> instance associated with the output merger.
            </summary>
            <exception cref="T:System.ObjectDisposedException">
            The object has been disposed.
            </exception>
        </member>
        <member name="P:SlimDX.Windows.D3D11Control.DepthStencilView">
            <summary>
            Gets the <c>DepthStencilView</c> instance associated with the output merger.
            </summary>
            <exception cref="T:System.ObjectDisposedException">
            The object has been disposed.
            </exception>
        </member>
        <member name="P:SlimDX.Windows.D3D11Control.AutoAdjustViewPort">
            <summary>
            Indicates whether the viewport will automatically size itself when the control is resized.
            </summary>
        </member>
        <member name="P:SlimDX.Windows.D3D11Control.AspectRatio">
            <summary>
            Gets the aspect ratio of this <c>D3D11Control</c> instance.
            </summary>
        </member>
        <member name="P:SlimDX.Windows.D3D11Control.CullMode">
            <summary>
            Gets or sets which triangles are to be culled.
            </summary>
        </member>
        <member name="P:SlimDX.Windows.D3D11Control.FillMode">
            <summary>
            Gets or sets the fill mode to use when rendering.
            </summary>
        </member>
        <member name="P:SlimDX.Windows.D3D11Control.FrontCounterClockwise">
            <summary>
            Determines if a triangle is front- or back-facing.
            </summary>
            <remarks>
            If this parameter is true, then a triangle will be considered front-facing if its
            vertices are counter-clockwise on the render target and considered back-facing if they
            are clockwise. If this parameter is false then the opposite is true.
            </remarks>
        </member>
        <member name="P:SlimDX.Windows.D3D11Control.VSync">
            <summary>
            Gets or sets a value indicating whether vertical synchronization (vsync) is active.
            </summary>
        </member>
        <member name="P:SlimDX.Windows.D3D11Control.CreateParams">
            <summary>
            Gets the <c>CreateParams</c> instance for this <c>D3D11Control</c>.
            </summary>
        </member>
        <member name="M:SlimDX.Windows.D3D11Control.#ctor">
            <summary>
            Creates a new instance of the D3D11Control class.
            </summary>
            <exception cref="T:SlimDX.Direct3D11.Direct3D11Exception">
            The Direct3D device could not be created. Use the ResultCode property to obtain the
            specific error condition.
            </exception>
        </member>
        <member name="M:SlimDX.Windows.D3D11Control.#ctor(SlimDX.Direct3D11.DriverType,SlimDX.Direct3D11.DeviceCreationFlags,SlimDX.Direct3D11.FeatureLevel[],System.Nullable{SlimDX.DXGI.SwapChainDescription})">
            <summary>
            Creates a new instance of the D3D11Controll class with the specified device and swapchain
            properties.
            </summary>
            <param name="type">
            The type of device to create.
            </param>
            <param name="flags">
            A list of runtime layers to enable.
            </param>
            <param name="featureLevels">
            A list of feature levels which determine the order of feature levels to attempt to create.
            </param>
            <param name="swapChainDescription">
            The properties to use for creating the swapchain.
            </param>
            <exception cref="T:SlimDX.Direct3D11.Direct3D11Exception">
            The requested device could not be created. Use the ResultCode property to obtain the
            specific error condition.
            </exception>
        </member>
        <member name="M:SlimDX.Windows.D3D11Control.ResizeViewport(System.Drawing.Size)">
            <summary>
            Resizes the viewport to the specified dimensions.
            </summary>
            <param name="s">
            The width and height to resize the viewport to, in pixels.
            </param>
        </member>
        <member name="M:SlimDX.Windows.D3D11Control.Present">
            <summary>
            Swaps the front and back buffers, presenting the rendered scene to the screen.
            </summary>
        </member>
        <member name="M:SlimDX.Windows.D3D11Control.Clear(System.Drawing.Color,System.Boolean)">
            <summary>
            Clears the back buffer and optionally the depth- and stencil buffers.
            </summary>
            <param name="color">
            The color to fill the back buffer with.
            </param>
            <param name="clearDepthStencil">
            true to clear the depth- and stencil buffers; otherwise false.
            </param>
        </member>
        <member name="M:SlimDX.Windows.D3D11Control.OnHandleCreated(System.EventArgs)">
            <summary>
            Raises the System.Windows.Forms.Control.HandleCreated event.
            </summary>
            <param name="e">
            An System.EventArgs that contains the event data.
            </param>
        </member>
        <member name="M:SlimDX.Windows.D3D11Control.OnHandleDestroyed(System.EventArgs)">
            <summary>
            Raises the System.Windows.Forms.Control.HandleDestroyed event.
            </summary>
            <param name="e">
            An System.EventArgs that contains the event data.
            </param>
        </member>
        <member name="M:SlimDX.Windows.D3D11Control.OnResize(System.EventArgs)">
            <summary>
            Raises the System.Windows.Forms.Control.Resize event.
            </summary>
            <param name="e">
            An System.EventArgs that contains the event data.
            </param>
        </member>
        <member name="M:SlimDX.Windows.D3D11Control.OnPaint(System.Windows.Forms.PaintEventArgs)">
            <summary>
            Raises the System.Windows.Forms.Control.Paint event.
            </summary>
            <param name="e">
            A System.Windows.Forms.PaintEventArgs that contains the event data.
            </param>
        </member>
        <member name="M:SlimDX.Windows.D3D11Control.OnAspectRatioChanged(System.EventArgs)">
            <summary>
            Raises the AspectRatioChanged event.
            </summary>
            <param name="e">
            An System.EventArgs that contains the event data.
            </param>
        </member>
        <member name="M:SlimDX.Windows.D3D11Control.CheckDisposed">
            <summary>
            Throws an ObjectDisposedException if the instance is in the disposed state.
            </summary>
        </member>
        <member name="M:SlimDX.Windows.D3D11Control.NearlyEqual(System.Single,System.Single,System.Single)">
            <summary>
            Returns a value indicating whether this instance and a specified System.Single object
            represent the same value.
            </summary>
            <param name="a">
            The first value to compare.
            </param>
            <param name="b">
            The second value to compare.
            </param>
            <param name="epsilon">
            The epsilon value to use.
            </param>
            <returns>
            true if the values are considered equal; otherwise, false.
            </returns>
        </member>
        <member name="M:SlimDX.Windows.D3D11Control.ReleaseCOMObjects(System.Boolean)">
            <summary>
            Releases various D3D COM resources.
            </summary>
            <param name="deviceAndSwapChain">
            true to release the device and swapchain objects; otherwise false.
            </param>
        </member>
        <member name="M:SlimDX.Windows.D3D11Control.UpdateRasterizerState">
            <summary>
            Updates the rasterizer state for the rasterizer stage of the pipeline.
            </summary>
        </member>
        <member name="F:SlimDX.Windows.D3D11Control.components">
            <summary> 
            Required designer variable.
            </summary>
        </member>
        <member name="M:SlimDX.Windows.D3D11Control.Dispose(System.Boolean)">
            <summary> 
            Clean up any resources being used.
            </summary>
            <param name="disposing">true if managed resources should be disposed; otherwise, false.</param>
        </member>
        <member name="M:SlimDX.Windows.D3D11Control.InitializeComponent">
            <summary> 
            Required method for Designer support - do not modify 
            the contents of this method with the code editor.
            </summary>
        </member>
    </members>
</doc>
